<?xml version="1.0" encoding="UTF-8" standalone="yes"?>
<addon id="repository.xstream" name="xStream Repository" version="1.1.0" provider-name="Lynx187">
    <extension point="xbmc.addon.repository" name="xStream Repository">
        <info compressed="false">http://raw.github.com/xStream-Kodi/xStreamRepo/master/addons.xml</info>
		<checksum>http://raw.github.com/xStream-Kodi/xStreamRepo/master/addons.xml.md5</checksum>
		<datadir zip="true">http://raw.github.com/xStream-Kodi/xStreamRepo/master/zips/</datadir>
        <dir>
            <info compressed="false">http://xstream-addon.square7.ch/repo/addons.xml</info>
            <checksum>http://xstream-addon.square7.ch/repo/addons.xml.md5</checksum>        
            <datadir zip="true">http://xstream-addon.square7.ch/repo/</datadir>
        </dir>
	</extension>
    <extension point="xbmc.addon.metadata">
        <summary>xStream Repository</summary>
		<platform>all</platform>
	</extension>
</addon>