<?xml version="1.0" encoding="UTF-8" standalone="yes"?>
<addon id="repository.xstream" name="xStream Repository" version="1.1.0" provider-name="Lynx187">
    <extension point="xbmc.addon.repository" name="xStream Repository">
        <info compressed="false">http://raw.github.com/xStream-Kodi/xStreamRepo/master/addons.xml</info>
        <checksum>http://raw.github.com/xStream-Kodi/xStreamRepo/master/addons.xml.md5</checksum>
        <datadir zip="true">http://raw.github.com/xStream-Kodi/xStreamRepo/master/zips/</datadir>
        <dir>
            <info compressed="false">http://xstream-addon.square7.ch/repo/addons.xml</info>
            <checksum>http://xstream-addon.square7.ch/repo/addons.xml.md5</checksum>        
            <datadir zip="true">http://xstream-addon.square7.ch/repo/</datadir>
        </dir>
    </extension>
    <extension point="xbmc.addon.metadata">
        <summary lang="de">xStream Repository</summary>
        <description lang="de">Dies ist das offizielle xStream Addon-Verzeichnis.[CR]Bei der Bereitstellung einer neuen Version von xStream wird diese auf Funktionalität geprüft. Sollten dennoch Probleme auftreten benachrichtige bitte das offizielle xStream-Team.</description>
        <disclaimer lang="de">Die dargestellten Inhalte des in diesem Verzeichnis enthaltenen Addons werden von den Erstellern des Addons weder gehostet oder verbreitet, noch stehen die Ersteller in irgendeiner Beziehung zu den Content-Anbietern.</disclaimer>
        <description lang="en">Download and install xStream from the Official xStream Addon-Repository.[CR]Before a new version of xStream is provided to this repository the addon was checked for functionality. Please informs the official xStream-Team if you should have problems anyway.</description>
        <disclaimer lang="en">The creators of the addon in this repository do not host or distribute any of the content displayed by the addon nor do they have any affiliation with the content providers.</disclaimer>
        <forum>http://xstream-addon.square7.ch</forum>
        <website>https://xstream-kodi.github.io</website>
        <platform>all</platform>
    </extension>
</addon>
